title,sentiment
The Multiple Ways Climate Change Threatens to Make Migraines Worse,1
The United Nations Wants to Treat AI With the Same Urgency as Climate Change,1
Will carbon capture help the UK tackle climate change?,1
The Origins of the Climate Haven Myth,1
Europe’s deadly floods are glimpse of future climate,1
Droughts likely to be even longer in the future due to climate change,1
Here's how to turn climate change anxiety into action,1
Judge Throws the Book at Climate Activists Who Threw Soup on Van Gogh Painting,0
Disturbing Heat Map Shows Where Hurricane Milton Is Getting Its Terrifying Strength,1
Are hurricanes getting worse? Here’s what you need to know,1
